city,gugun,dong,let,lng
서울특별시,종로구,교남동,37.567387,126.965804
서울특별시,종로구,교남동,37.567387,126.965804
서울특별시,종로구,신문로2가,37.570626,126.971932
서울특별시,종로구,사직동,37.573822,126.967213
서울특별시,종로구,신문로2가,37.571228,126.971964
서울특별시,종로구,계동,37.582416,126.987961
서울특별시,종로구,계동,37.582238,126.987387
서울특별시,종로구,계동,37.580421,126.986747
서울특별시,종로구,효제동,37.573255,127.0022178
서울특별시,종로구,효제동,37.5733468,127.003481
서울특별시,종로구,효제동,37.5733468,127.003481
서울특별시,종로구,효제동,37.573369,127.003588
서울특별시,종로구,충신동,37.573651,127.005702
서울특별시,종로구,동숭동,37.579381,127.006346
서울특별시,종로구,창신동,37.580234,127.010482
서울특별시,종로구,창신동,37.574137,127.009286
서울특별시,종로구,창신동,37.578781,127.008671
서울특별시,종로구,이화동,37.577733,127.008051
서울특별시,종로구,종로6가,37.573102,127.007861
서울특별시,종로구,충신동,37.57528,127.008597
서울특별시,종로구,숭인동,37.5719,127.019333
서울특별시,종로구,숭인동,37.573798,127.020395
서울특별시,종로구,명륜4가,37.5825218,127.0007633
서울특별시,종로구,명륜4가,37.58344,127.001499
서울특별시,종로구,명륜2가,37.5836727,127.0013991
서울특별시,종로구,연건동,37.580421,127.001952
서울특별시,종로구,동숭동,37.581793,127.00241
서울특별시,종로구,동숭동,37.581865,127.002158
서울특별시,종로구,혜화동,37.585361,127.001662
서울특별시,종로구,효제동,37.572369,127.002098
서울특별시,종로구,연건동,37.5767695,127.0026192
서울특별시,종로구,연건동,37.5767695,127.0026192
서울특별시,종로구,이화동,37.576884,127.002435
서울특별시,종로구,연건동,37.579613,127.001991
서울특별시,종로구,연건동,37.579754,127.00199
서울특별시,종로구,동숭동,37.5817768,127.002932
서울특별시,종로구,동숭동,37.5817767,127.003388
서울특별시,종로구,명륜4가,37.5820976,127.0000597
서울특별시,종로구,명륜4가,37.5820976,127.0000597
서울특별시,종로구,혜화동,37.584109,127.002574
서울특별시,종로구,연지동,37.57416,127.000968
서울특별시,종로구,연건동,37.5785406,127.0011013
서울특별시,종로구,연건동,37.5792401,127.0010345
서울특별시,종로구,동숭동,37.582597,127.002331
서울특별시,종로구,동숭동,37.580846,127.003348
서울특별시,종로구,묘동,37.571724,126.991908
서울특별시,종로구,묘동,37.573516,126.991329
서울특별시,종로구,관수동,37.569362,126.992148
서울특별시,종로구,익선동,37.573735,126.989771
서울특별시,종로구,장사동,37.56931,126.993292
서울특별시,종로구,돈의동,37.570839,126.991698
서울특별시,종로구,봉익동,37.571453,126.993304
서울특별시,종로구,돈의동,37.572009,126.99053
서울특별시,종로구,돈의동,37.571989,126.990991
서울특별시,종로구,돈의동,37.5717116,126.9905308
서울특별시,종로구,숭인동,37.578975,127.017701
서울특별시,종로구,숭인동,37.577351,127.018073
서울특별시,종로구,숭인동,37.577203,127.017796
서울특별시,종로구,숭인동,37.578101,127.017751
서울특별시,종로구,숭인동,37.57695,127.018381
서울특별시,종로구,숭인동,37.575513,127.01842
서울특별시,종로구,원남동,37.574079,126.996355
서울특별시,종로구,동숭동,37.5827787,127.0046543
서울특별시,종로구,동숭동,37.583598,127.004093
서울특별시,종로구,동숭동,37.58352,127.004644
서울특별시,종로구,동숭동,37.583061,127.004854
서울특별시,종로구,동숭동,37.583249,127.005863
서울특별시,종로구,동숭동,37.584029,127.005804
서울특별시,종로구,동숭동,37.582684,127.0039087
서울특별시,종로구,동숭동,37.582684,127.0039087
서울특별시,종로구,동숭동,37.5798665,127.0038854
서울특별시,종로구,명륜3가,37.590322,126.99234
서울특별시,종로구,명륜3가,37.589041,126.995601
서울특별시,종로구,명륜3가,37.588888,126.994202
서울특별시,종로구,명륜3가,37.589695,126.99297
서울특별시,종로구,명륜3가,37.589542,126.992255
서울특별시,종로구,명륜3가,37.589744,126.992554
서울특별시,종로구,명륜3가,37.58939,126.994821
서울특별시,종로구,명륜3가,37.590078,126.993082
서울특별시,종로구,명륜3가,37.590395,126.993302
서울특별시,종로구,명륜3가,37.590458,126.993872
서울특별시,종로구,명륜3가,37.5903814,126.9944252
서울특별시,종로구,명륜3가,37.590283,126.994835
서울특별시,종로구,명륜3가,37.59036,126.995073
서울특별시,종로구,명륜3가,37.590809,126.995803
서울특별시,종로구,명륜3가,37.591081,126.994025
서울특별시,종로구,명륜9길,37.591107,126.993254
서울특별시,종로구,명륜1가,37.587797,126.996615
서울특별시,종로구,명륜3가,37.5894593,126.993474
서울특별시,종로구,서린동,37.569365,126.979191
서울특별시,종로구,부암동,37.5942485,126.9682826
서울특별시,종로구,부암동,37.598561,126.970309
서울특별시,종로구,부암동,37.596929,126.966812
서울특별시,종로구,부암동,37.5972455,126.9674441
서울특별시,종로구,부암동,37.5931063,126.9656727
서울특별시,종로구,부암동,37.593207,126.966545
서울특별시,종로구,부암동,37.5980517,126.9670704
서울특별시,종로구,부암동,37.597277,126.966233
서울특별시,종로구,부암동,37.593933,126.966783
서울특별시,종로구,부암동,37.594173,126.968669
서울특별시,종로구,숭인동,37.5759281,127.0229556
서울특별시,종로구,숭인동,37.576571,127.022696
서울특별시,종로구,숭인동,37.577678,127.02271
서울특별시,종로구,숭인동,37.5781899,127.0225795
서울특별시,종로구,평창동,37.601845,126.981154
서울특별시,종로구,평창동,37.601961,126.98165
서울특별시,종로구,삼청동,37.586825,126.983524
서울특별시,종로구,삼청동,37.588569,126.984083
서울특별시,종로구,삼청동,37.588912,126.984874
서울특별시,종로구,삼청동,37.589455,126.985669
서울특별시,종로구,가회동,37.582327,126.983554
서울특별시,종로구,가회동,37.5814443,126.9846659
서울특별시,종로구,삼청동,37.5839378,126.9832846
서울특별시,종로구,삼청동,37.5821066,126.9821919
서울특별시,종로구,삼청동,37.5834412,126.9825954
서울특별시,종로구,삼청동,37.585919,126.983717
서울특별시,종로구,삼청동,37.585635,126.983875
서울특별시,종로구,안국동,37.5772561,126.984081
서울특별시,종로구,가회동,37.579179,126.985421
서울특별시,종로구,화동,37.5805912,126.9822047
서울특별시,종로구,화동,37.581104,126.982183
서울특별시,종로구,가회동,37.5802588,126.9857223
서울특별시,종로구,구기동,37.612496,126.958917
서울특별시,종로구,구기동,37.609918,126.956509
서울특별시,종로구,구기동,37.6131269,126.9558748
서울특별시,종로구,사직동,37.574907,126.967722
서울특별시,종로구,필운동,37.5762232,126.9693121
서울특별시,종로구,행촌동,37.5732944,126.9633656
서울특별시,종로구,행촌동,37.5732944,126.9633656
서울특별시,종로구,행촌동,37.572896,126.962546
서울특별시,종로구,행촌동,37.573405,126.962951
서울특별시,종로구,행촌동,37.574193,126.961832
서울특별시,종로구,행촌동,37.575102,126.962929
서울특별시,종로구,행촌동,37.574215,126.962871
서울특별시,종로구,행촌동,37.5737506,126.9625347
서울특별시,종로구,행촌동,37.5751794,126.9624265
서울특별시,종로구,행촌동,37.574248,126.962736
서울특별시,종로구,행촌동,37.572669,126.964226
서울특별시,종로구,사직동,37.5743985,126.9651299
서울특별시,종로구,사직동,37.573993,126.96504
서울특별시,종로구,사직동,37.574335,126.965637
서울특별시,종로구,내자동,37.574936,126.970238
서울특별시,종로구,내자동,37.574413,126.971576
서울특별시,종로구,사직동,37.5747507,126.9701775
서울특별시,종로구,사직동,37.576551,126.965679
서울특별시,종로구,청진동,37.5721355,126.9815198
서울특별시,종로구,경운동,37.574201,126.987048
서울특별시,종로구,경운동,37.575399,126.986508
서울특별시,종로구,낙원동,37.5740062,126.9886005
서울특별시,종로구,익선동,37.575495,126.989198
서울특별시,종로구,삼청동,37.588246,126.98094
서울특별시,종로구,세종로,37.5705079,126.9763061
서울특별시,종로구,신문로1가,37.569518,126.974471
서울특별시,종로구,신문로1가,37.5699813,126.9755031
서울특별시,종로구,당주동,37.5715476,126.974912
서울특별시,종로구,신문로1가,37.570758,126.975946
서울특별시,종로구,명륜2가,37.584337,126.997455
서울특별시,종로구,명륜1가,37.586529,126.996745
서울특별시,종로구,명륜1가,37.587386,126.99708
서울특별시,종로구,명륜1가,37.587712,126.997642
서울특별시,종로구,명륜1가,37.589798,126.99688
서울특별시,종로구,명륜1가,37.5888518,126.9976327
서울특별시,종로구,명륜1가,37.5880445,126.9976432
서울특별시,종로구,명륜1가,37.5904788,126.9976123
서울특별시,종로구,명륜3가,37.583611,126.997801
서울특별시,종로구,명륜2가,37.584526,126.99781
서울특별시,종로구,명륜3가,37.5846265,126.9959455
서울특별시,종로구,명륜3가,37.58662,126.994137
서울특별시,종로구,명륜3가,37.587583,126.995777
서울특별시,종로구,홍지동,37.600282,126.957949
서울특별시,종로구,홍지동,37.5993978,126.95616
서울특별시,종로구,신영동,37.6016444,126.96141
서울특별시,종로구,신영동,37.6016444,126.96141
서울특별시,종로구,신영동,37.600281,126.961883
서울특별시,종로구,신영동,37.601661,126.962604
서울특별시,종로구,신영동,37.6037028,126.9599191
서울특별시,종로구,신영동,37.603375,126.9620139
서울특별시,종로구,신영동,37.6052618,126.9601809
서울특별시,종로구,태평로1가,37.568989,126.976456
서울특별시,종로구,세종로,37.5698106,126.977367
서울특별시,종로구,세종로,37.571682,126.975404
서울특별시,종로구,송월동,37.5718062,126.9655525
서울특별시,종로구,송월동,37.5710507,126.9659327
서울특별시,종로구,송월동,37.5712243,126.9651817
서울특별시,종로구,행촌동,37.572423,126.965298
서울특별시,종로구,홍파동,37.5717861,126.9650111
서울특별시,종로구,홍파동,37.5717861,126.9650111
서울특별시,종로구,행촌동,37.572862,126.965167
서울특별시,종로구,송월동,37.570069,126.965685
서울특별시,종로구,송월동,37.569938,126.96567
서울특별시,종로구,홍파동,37.5713932,126.9647254
서울특별시,종로구,낙원동,37.5715188,126.9891396
서울특별시,종로구,낙원동,37.572494,126.988586
서울특별시,종로구,낙원동,37.57266,126.988635
서울특별시,종로구,관수동,37.5692068,126.9894584
서울특별시,종로구,관수동,37.569284,126.989588
서울특별시,종로구,종로3가,37.569941,126.990356
서울특별시,종로구,종로3가,37.569941,126.990356
서울특별시,종로구,돈의동,37.572288,126.990321
서울특별시,종로구,익선동,37.5728796,126.9895228
서울특별시,종로구,익선동,37.5728796,126.9895228
서울특별시,종로구,익선동,37.573266,126.990771
서울특별시,종로구,숭인동,37.5768468,127.0209148
서울특별시,종로구,숭인동,37.57792,127.021516
서울특별시,종로구,숭인동,37.5765725,127.0196408
서울특별시,종로구,숭인동,37.576777,127.020067
서울특별시,종로구,숭인동,37.577224,127.020367
서울특별시,종로구,숭인동,37.577001,127.018902
서울특별시,종로구,숭인동,37.577917,127.020336
서울특별시,종로구,숭인동,37.5781388,127.020228
서울특별시,종로구,숭인동,37.577793,127.019584
서울특별시,종로구,숭인동,37.5769395,127.0220012
서울특별시,종로구,숭인동,37.577381,127.021571
서울특별시,종로구,누상동,37.5799517,126.9656944
서울특별시,종로구,옥인동,37.582428,126.964806
서울특별시,종로구,누상동,37.5815663,126.964933
서울특별시,종로구,누상동,37.580918,126.964765
서울특별시,종로구,누상동,37.579652,126.964202
서울특별시,종로구,누상동,37.580905,126.964573
서울특별시,종로구,누상동,37.58045,126.9648476
서울특별시,종로구,누상동,37.5798331,126.964863
서울특별시,종로구,옥인동,37.582144,126.9637
서울특별시,종로구,옥인동,37.582513,126.963871
서울특별시,종로구,옥인동,37.583002,126.96201
서울특별시,종로구,옥인동,37.582416,126.962273
서울특별시,종로구,옥인동,37.580694,126.967469
서울특별시,종로구,옥인동,37.581068,126.966577
서울특별시,종로구,명륜3가,37.59128,126.99451
서울특별시,종로구,명륜3가,37.591208,126.989959
서울특별시,종로구,명륜3가,37.59185,126.992858
서울특별시,종로구,명륜3가,37.592161,126.996075
서울특별시,종로구,관철동,37.569073,126.982968
서울특별시,종로구,공평동,37.571916,126.9828707
서울특별시,종로구,안국동,37.5766031,126.9843822
서울특별시,종로구,원남동,37.5757568,126.9991619
서울특별시,종로구,충신동,37.575796,127.004999
서울특별시,종로구,와룡동,37.576838,126.990928
서울특별시,종로구,연건동,37.576772,126.999566
서울특별시,종로구,연건동,37.576793,127.000706
서울특별시,종로구,이화동,37.5761864,127.0049736
서울특별시,종로구,충신동,37.575675,127.005975
서울특별시,종로구,이화동,37.57629,127.0059
서울특별시,종로구,이화동,37.576586,127.006559
서울특별시,종로구,충신동,37.5742458,127.0040262
서울특별시,종로구,충신동,37.5750473,127.0060536
서울특별시,종로구,충신동,37.575392,127.006549
서울특별시,종로구,충신동,37.574398,127.006831
서울특별시,종로구,종로6가,37.574112,127.007482
서울특별시,종로구,송현동,37.5772909,126.9824854
서울특별시,종로구,소격동,37.57955,126.98215
서울특별시,종로구,수송동,37.57385,126.981121
서울특별시,종로구,와룡동,37.575663,126.990911
서울특별시,종로구,이화동,37.577803,127.005957
서울특별시,종로구,이화동,37.5776208,127.0066968
서울특별시,종로구,이화동,37.57686,127.00333
서울특별시,종로구,이화동,37.57686,127.00333
서울특별시,종로구,이화동,37.576895,127.004523
서울특별시,종로구,동숭동,37.578469,127.005206
서울특별시,종로구,동숭동,37.5790919,127.0045073
서울특별시,종로구,공평동,37.572246,126.984261
서울특별시,종로구,관훈동,37.573053,126.985715
서울특별시,종로구,인사동,37.5710565,126.9874275
서울특별시,종로구,인사동,37.571879,126.986877
서울특별시,종로구,인사동,37.572623,126.987428
서울특별시,종로구,인사동,37.5729276,126.9862217
서울특별시,종로구,인사동,37.573,126.986323
서울특별시,종로구,인사동,37.573,126.986323
서울특별시,종로구,관훈동,37.5739234,126.9850717
서울특별시,종로구,관훈동,37.574353,126.984331
서울특별시,종로구,인사동,37.571732,126.986965
서울특별시,종로구,옥인동,37.584089,126.963892
서울특별시,종로구,옥인동,37.58273,126.961464
서울특별시,종로구,누상동,37.578896,126.96322
서울특별시,종로구,사직동,37.575322,126.963582
서울특별시,종로구,사직동,37.5736182,126.9639237
서울특별시,종로구,행촌동,37.576073,126.962371
서울특별시,종로구,청운동,37.586488,126.969721
서울특별시,종로구,체부동,37.577346,126.972093
서울특별시,종로구,부암동,37.595247,126.963534
서울특별시,종로구,통인동,37.57856,126.971523
서울특별시,종로구,부암동,37.598004,126.962093
서울특별시,종로구,내자동,37.576533,126.972396
서울특별시,종로구,홍지동,37.59984,126.959638
서울특별시,종로구,홍지동,37.5990568,126.9593008
서울특별시,종로구,통의동,37.5766,126.97266
서울특별시,종로구,옥인동,37.582351,126.970507
서울특별시,종로구,통인동,37.580098,126.970482
서울특별시,종로구,창성동,37.5806947,126.9716901
서울특별시,종로구,통인동,37.5806769,126.9694099
서울특별시,종로구,체부동,37.5765137,126.9705457
서울특별시,종로구,체부동,37.576792,126.971567
서울특별시,종로구,신교동,37.5831699,126.969674
서울특별시,종로구,신교동,37.583301,126.969177
서울특별시,종로구,청운동,37.5858399,126.9716678
서울특별시,종로구,청운동,37.5855045,126.9707093
서울특별시,종로구,청운동,37.5875512,126.9682904
서울특별시,종로구,청운동,37.5875512,126.9682904
서울특별시,종로구,청운동,37.58617,126.969818
서울특별시,종로구,청운동,37.5866397,126.9684822
서울특별시,종로구,청운동,37.58617,126.969818
서울특별시,종로구,청운동,37.586629,126.966821
서울특별시,종로구,청운동,37.5874,126.96694
서울특별시,종로구,청운동,37.591294,126.966323
서울특별시,종로구,청운동,37.589449,126.96531
서울특별시,종로구,청운동,37.590934,126.966281
서울특별시,종로구,청운동,37.5902682,126.9683383
서울특별시,종로구,부암동,37.595577,126.964732
서울특별시,종로구,부암동,37.595189,126.963993
서울특별시,종로구,부암동,37.597087,126.961686
서울특별시,종로구,신영동,37.600351,126.962784
서울특별시,종로구,부암동,37.598687,126.960875
서울특별시,종로구,통의동,37.57695,126.9729
서울특별시,종로구,통의동,37.577049,126.972905
서울특별시,종로구,체부동,37.578288,126.970797
서울특별시,종로구,필운동,37.577797,126.969932
서울특별시,종로구,누하동,37.580224,126.969016
서울특별시,종로구,통인동,37.5804556,126.9687049
서울특별시,종로구,통인동,37.5804556,126.9687049
서울특별시,종로구,통의동,37.578806,126.972181
서울특별시,종로구,누하동,37.5793889,126.9696358
서울특별시,종로구,세종로,37.570703,126.977446
서울특별시,종로구,종로3가,37.570161,126.990452
서울특별시,종로구,종로3가,37.5702973,126.9931769
서울특별시,종로구,종로3가,37.570636,126.993323
서울특별시,종로구,종로3가,37.570675,126.993857
서울특별시,종로구,종로3가,37.570675,126.993857
서울특별시,종로구,종로3가,37.570335,126.994048
서울특별시,종로구,종로4가,37.570396,126.9953935
서울특별시,종로구,종로5가,37.5707664,127.0007639
서울특별시,종로구,종로5가,37.570856,127.003426
서울특별시,종로구,종로5가,37.570892,127.004876
서울특별시,종로구,종로5가,37.5715415,127.0056356
서울특별시,종로구,종로6가,37.570944,127.006786
서울특별시,종로구,창신동,37.571603,127.010982
서울특별시,종로구,창신동,37.572264,127.013519
서울특별시,종로구,숭인동,37.573966,127.015773
서울특별시,종로구,숭인동,37.573615,127.016547
서울특별시,종로구,숭인동,37.573631,127.018361
서울특별시,종로구,종로2가,37.570357,126.98557
서울특별시,종로구,종로2가,37.57105,126.987815
서울특별시,종로구,인사동,37.5709003,126.9849533
서울특별시,종로구,관철동,37.5697613,126.9856882
서울특별시,종로구,관수동,37.569303,126.991397
서울특별시,종로구,예지동,37.569905,126.995457
서울특별시,종로구,예지동,37.57024,126.99705
서울특별시,종로구,효제동,37.572493,127.004357
서울특별시,종로구,종로5가,37.570464,127.003982
서울특별시,종로구,청진동,37.5703651,126.9792201
서울특별시,종로구,청진동,37.571509,126.979839
서울특별시,종로구,종로6가,37.5734426,127.0062196
서울특별시,종로구,창신동,37.5706895,127.0118791
서울특별시,종로구,창신동,37.5706944,127.0126716
서울특별시,종로구,창신동,37.57093,127.01057
서울특별시,종로구,창신동,37.571126,127.01188
서울특별시,종로구,창신동,37.5735868,127.0112347
서울특별시,종로구,창신동,37.572508,127.012189
서울특별시,종로구,창신동,37.571682,127.013098
서울특별시,종로구,창신동,37.5733884,127.013499
서울특별시,종로구,창신동,37.573496,127.013926
서울특별시,종로구,창신동,37.571487,127.01413
서울특별시,종로구,숭인동,37.571634,127.016626
서울특별시,종로구,숭인동,37.574198,127.016569
서울특별시,종로구,숭인동,37.573557,127.016691
서울특별시,종로구,숭인동,37.5738075,127.0174841
서울특별시,종로구,숭인동,37.5723581,127.0182618
서울특별시,종로구,숭인동,37.5718063,127.0183927
서울특별시,종로구,숭인동,37.5718063,127.0183927
서울특별시,종로구,숭인동,37.571539,127.01853
서울특별시,종로구,숭인동,37.573382,127.019125
서울특별시,종로구,숭인동,37.573382,127.019125
서울특별시,종로구,숭인동,37.574916,127.01913
서울특별시,종로구,숭인동,37.575206,127.019111
서울특별시,종로구,숭인동,37.576073,127.018852
서울특별시,종로구,숭인동,37.577312,127.018672
서울특별시,종로구,숭인동,37.57731,127.01873
서울특별시,종로구,숭인동,37.5747225,127.0185147
서울특별시,종로구,숭인동,37.574987,127.018462
서울특별시,종로구,숭인동,37.574376,127.018632
서울특별시,종로구,숭인동,37.574054,127.017678
서울특별시,종로구,숭인동,37.574975,127.019838
서울특별시,종로구,숭인동,37.575713,127.02071
서울특별시,종로구,숭인동,37.575713,127.02071
서울특별시,종로구,숭인동,37.5757189,127.019949
서울특별시,종로구,숭인동,37.575628,127.019556
서울특별시,종로구,숭인동,37.576685,127.02025
서울특별시,종로구,숭인동,37.576685,127.02025
서울특별시,종로구,숭인동,37.579356,127.015745
서울특별시,종로구,창신동,37.5796752,127.0150886
서울특별시,종로구,숭인동,37.5718941,127.0158638
서울특별시,종로구,숭인동,37.57624,127.015667
서울특별시,종로구,창신동,37.5774038,127.0147411
서울특별시,종로구,창신동,37.5774038,127.0147411
서울특별시,종로구,창신동,37.57084,127.015704
서울특별시,종로구,창신동,37.576778,127.014604
서울특별시,종로구,창신동,37.576915,127.013834
서울특별시,종로구,숭인동,37.574895,127.016835
서울특별시,종로구,숭인동,37.5766865,127.0167915
서울특별시,종로구,숭인동,37.57763,127.016528
서울특별시,종로구,숭인동,37.5786497,127.016229
서울특별시,종로구,숭인동,37.577074,127.016204
서울특별시,종로구,창신동,37.577412,127.013221
서울특별시,종로구,창신동,37.5760031,127.0127913
서울특별시,종로구,창신동,37.578775,127.0148
서울특별시,종로구,창신동,37.578775,127.0148
서울특별시,종로구,창신동,37.577911,127.013097
서울특별시,종로구,창신동,37.5770661,127.0123782
서울특별시,종로구,숭인동,37.57915,127.016477
서울특별시,종로구,숭인동,37.5780899,127.0157752
서울특별시,종로구,숭인동,37.5780899,127.0157752
서울특별시,종로구,창신동,37.579929,127.012989
서울특별시,종로구,창신동,37.570343,127.016178
서울특별시,종로구,창신동,37.574944,127.014732
서울특별시,종로구,창신동,37.57433,127.015555
서울특별시,종로구,창신동,37.575634,127.013983
서울특별시,종로구,창신동,37.574241,127.015142
서울특별시,종로구,창신동,37.573614,127.014415
서울특별시,종로구,창신동,37.57543,127.015225
서울특별시,종로구,숭인동,37.575525,127.016625
서울특별시,종로구,구기동,37.607993,126.957611
서울특별시,종로구,구기동,37.607717,126.958
서울특별시,종로구,신영동,37.60489,126.961135
서울특별시,종로구,구기동,37.605996,126.956637
서울특별시,종로구,구기동,37.6068093,126.9572184
서울특별시,종로구,구기동,37.606709,126.955233
서울특별시,종로구,인의동,37.5712971,126.997624
서울특별시,종로구,명륜2가,37.583066,126.998612
서울특별시,종로구,예지동,37.5697235,126.9977834
서울특별시,종로구,연지동,37.5743723,126.9990035
서울특별시,종로구,원남동,37.575096,126.996854
서울특별시,종로구,명륜4가,37.581804,126.999172
서울특별시,종로구,명륜2가,37.584274,126.998603
서울특별시,종로구,명륜2가,37.584219,126.998501
서울특별시,종로구,혜화동,37.5874325,127.0007155
서울특별시,종로구,혜화동,37.586788,127.0018559
서울특별시,종로구,혜화동,37.588231,127.002471
서울특별시,종로구,원서동,37.5803635,126.9884401
서울특별시,종로구,원서동,37.5824463,126.9884267
서울특별시,종로구,원서동,37.58137,126.988776
서울특별시,종로구,원서동,37.581507,126.988509
서울특별시,종로구,원서동,37.581889,126.98901
서울특별시,종로구,원서동,37.5816256,126.9891318
서울특별시,종로구,원서동,37.5816256,126.9891318
서울특별시,종로구,원서동,37.582532,126.988169
서울특별시,종로구,원서동,37.5825872,126.9893204
서울특별시,종로구,원서동,37.583081,126.987789
서울특별시,종로구,원서동,37.5796169,126.9892684
서울특별시,종로구,창신동,37.578591,127.010297
서울특별시,종로구,창신동,37.577274,127.011564
서울특별시,종로구,창신동,37.57439,127.010299
서울특별시,종로구,창신동,37.574259,127.01242
서울특별시,종로구,창신동,37.574158,127.013057
서울특별시,종로구,창신동,37.575458,127.012668
서울특별시,종로구,창신동,37.575458,127.012668
서울특별시,종로구,창신동,37.576498,127.011512
서울특별시,종로구,창신동,37.576761,127.010203
서울특별시,종로구,창신동,37.577618,127.0109198
서울특별시,종로구,창신동,37.5722637,127.0107339
서울특별시,종로구,창신동,37.5722637,127.0107339
서울특별시,종로구,창신동,37.5780949,127.0091405
서울특별시,종로구,창신동,37.5780949,127.0091405
서울특별시,종로구,창신동,37.579352,127.008739
서울특별시,종로구,창신동,37.573641,127.010068
서울특별시,종로구,창신동,37.575956,127.010393
서울특별시,종로구,청운동,37.592123,126.967374
서울특별시,종로구,부암동,37.592184,126.964362
서울특별시,종로구,부암동,37.592786,126.964065
서울특별시,종로구,부암동,37.593134,126.963797
서울특별시,종로구,청운동,37.588486,126.972215
서울특별시,종로구,부암동,37.593637,126.961641
서울특별시,종로구,부암동,37.592278,126.965679
서울특별시,종로구,부암동,37.591651,126.963641
서울특별시,종로구,부암동,37.590436,126.962551
서울특별시,종로구,부암동,37.5896975,126.9639306
서울특별시,종로구,부암동,37.591527,126.964637
서울특별시,종로구,부암동,37.590962,126.96396
서울특별시,종로구,부암동,37.58883,126.962786
서울특별시,종로구,부암동,37.592325,126.961303
서울특별시,종로구,부암동,37.592325,126.961303
서울특별시,종로구,서린동,37.56955,126.9773639
서울특별시,종로구,서린동,37.5692685,126.9775683
서울특별시,종로구,장사동,37.568702,126.994414
서울특별시,종로구,장사동,37.568766,126.995411
서울특별시,종로구,창신동,37.570081,127.009977
서울특별시,종로구,창신동,37.5700898,127.0156286
서울특별시,종로구,창신동,37.5700898,127.0156286
서울특별시,종로구,관철동,37.5685594,126.9857999
서울특별시,종로구,충신동,37.576048,127.007845
서울특별시,종로구,종로6가,37.573407,127.007629
서울특별시,종로구,종로6가,37.573407,127.007629
서울특별시,종로구,종로6가,37.57421,127.00792
서울특별시,종로구,충신동,37.575179,127.00736
서울특별시,종로구,충신동,37.576109,127.007498
서울특별시,종로구,충신동,37.5761316,127.0070329
서울특별시,종로구,충신동,37.5761316,127.0070329
서울특별시,종로구,무악동,37.5744338,126.9582443
서울특별시,종로구,무악동,37.576094,126.956799
서울특별시,종로구,행촌동,37.572896,126.961063
서울특별시,종로구,무악동,37.573805,126.960502
서울특별시,종로구,행촌동,37.573879,126.961071
서울특별시,종로구,행촌동,37.5747974,126.9618712
서울특별시,종로구,무악동,37.576465,126.961964
서울특별시,종로구,무악동,37.5754922,126.9578126
서울특별시,종로구,무악동,37.5747205,126.9584868
서울특별시,종로구,무악동,37.576459,126.956638
서울특별시,종로구,무악동,37.5756754,126.957208
서울특별시,종로구,무악동,37.5800393,126.9578077
서울특별시,종로구,무악동,37.5790445,126.9592668
서울특별시,종로구,무악동,37.577549,126.959971
서울특별시,종로구,평창동,37.605437,126.967439
서울특별시,종로구,평창동,37.606994,126.966337
서울특별시,종로구,평창동,37.6067505,126.9682717
서울특별시,종로구,평창동,37.6107946,126.9675169
서울특별시,종로구,평창동,37.6107946,126.9675169
서울특별시,종로구,신영동,37.60515,126.96269
서울특별시,종로구,평창동,37.6112103,126.970096
서울특별시,종로구,평창동,37.6090264,126.9764028
서울특별시,종로구,평창동,37.6090264,126.9764028
서울특별시,종로구,평창동,37.6104148,126.9742319
서울특별시,종로구,평창동,37.6104148,126.9742319
서울특별시,종로구,평창동,37.612514,126.97495
서울특별시,종로구,평창동,37.607078,126.964147
서울특별시,종로구,평창동,37.609613,126.963253
서울특별시,종로구,평창동,37.611074,126.962719
서울특별시,종로구,평창동,37.614664,126.97111
서울특별시,종로구,평창동,37.6165528,126.9756917
서울특별시,종로구,평창동,37.604114,126.966337
서울특별시,종로구,평창동,37.612555,126.968287
서울특별시,종로구,평창동,37.612638,126.97036
서울특별시,종로구,평창동,37.6063344,126.9635698
서울특별시,종로구,평창동,37.6147147,126.974348
서울특별시,종로구,평창동,37.6134556,126.9781151
서울특별시,종로구,평창동,37.61485,126.974435
서울특별시,종로구,평창동,37.607083,126.962253
서울특별시,종로구,구기동,37.607636,126.961544
서울특별시,종로구,평창동,37.605677,126.965062
서울특별시,종로구,평창동,37.6056122,126.9671351
서울특별시,종로구,평창동,37.606276,126.970315
서울특별시,종로구,평창동,37.60649,126.969103
서울특별시,종로구,신교동,37.5837314,126.9701915
서울특별시,종로구,누하동,37.5781263,126.9692999
서울특별시,종로구,누하동,37.579057,126.968326
서울특별시,종로구,신교동,37.583654,126.967892
서울특별시,종로구,신교동,37.5849689,126.9666258
서울특별시,종로구,필운동,37.5778375,126.9676754
서울특별시,종로구,필운동,37.578029,126.966773
서울특별시,종로구,필운동,37.5771619,126.9687502
서울특별시,종로구,체부동,37.5788121,126.9698937
서울특별시,종로구,누상동,37.5800658,126.9669432
서울특별시,종로구,누상동,37.5800658,126.9669432
서울특별시,종로구,옥인동,37.582994,126.965788
서울특별시,종로구,옥인동,37.5822115,126.9672626
서울특별시,종로구,혜화동,37.586045,127.000817
서울특별시,종로구,혜화동,37.588328,126.999736
서울특별시,종로구,혜화동,37.58981,126.999288
서울특별시,종로구,명륜1가,37.591985,126.999253
서울특별시,종로구,혜화동,37.588808,127.000327
서울특별시,종로구,혜화동,37.588808,127.000327
서울특별시,종로구,명륜1가,37.588805,126.998271
서울특별시,종로구,혜화동,37.589444,127.000588
서울특별시,종로구,혜화동,37.5900394,127.0001129
서울특별시,종로구,혜화동,37.590841,127.000395
서울특별시,종로구,명륜1가,37.5867531,126.9986137
서울특별시,종로구,명륜1가,37.5867531,126.9986137
서울특별시,종로구,명륜1가,37.586361,126.999203
서울특별시,종로구,명륜2가,37.586056,126.997553
서울특별시,종로구,명륜1가,37.586185,126.999667
서울특별시,종로구,혜화동,37.588087,127.001279
서울특별시,종로구,혜화동,37.589668,127.002082
서울특별시,종로구,혜화동,37.587898,127.00014
서울특별시,종로구,명륜1가,37.588364,126.998359
서울특별시,종로구,명륜1가,37.587558,126.998255
서울특별시,종로구,명륜1가,37.5871536,126.9980082
서울특별시,종로구,명륜1가,37.586768,126.99777
서울특별시,종로구,명륜1가,37.58784,126.999316
서울특별시,종로구,홍지동,37.600108,126.954983
서울특별시,종로구,홍지동,37.60191,126.957049
서울특별시,종로구,구기동,37.6060109,126.9576508
서울특별시,종로구,구기동,37.6060109,126.9576508
서울특별시,종로구,통의동,37.578604,126.973114
